-- 1. Очистка таблиц (если нужно)
TRUNCATE TABLE "Market", "User", "MarketUserMapper", "Detail", "Purchase", "Sell", "Return", "AirReturn" RESTART IDENTITY CASCADE;

-- 2. Заполнение Market (20 магазинов)
INSERT INTO "Market" (name, address) VALUES
('Автодеталь Центр', 'ул. Ленина, 10'),
('Запчасти Профи', 'ул. Гагарина, 25'),
('АвтоМир', 'пр. Мира, 33'),
('Автозапчасти Плюс', 'ул. Советская, 15'),
('Моторные технологии', 'ул. Пушкина, 42'),
('Трансмиссия Сервис', 'пр. Кирова, 8'),
('Авто Комплект', 'ул. Горького, 3'),
('Кардан Сервис', 'ул. Садовая, 17'),
('Масла и Фильтры', 'ул. Лесная, 5'),
('Тормозные системы', 'пр. Ленинградский, 33'),
('Автоэлектрика', 'ул. Центральная, 21'),
('Шины и Диски', 'ул. Набережная, 12'),
('Автостекла', 'ул. Зеленая, 7'),
('Выхлопные системы', 'ул. Рабочая, 19'),
('Автохимия', 'пр. Победы, 28'),
('Рулевое управление', 'ул. Школьная, 4'),
('Подвеска Профи', 'ул. Новая, 11'),
('Автокондиционеры', 'ул. Весенняя, 6'),
('Автоакустика', 'ул. Вечерняя, 9'),
('Автолампы', 'ул. Светлая, 2');

-- 3. Заполнение User (20 пользователей)
INSERT INTO "User" (id, name, surname, status) VALUES
(100000001, 'Иван', 'Петров', 'admin'),
(100000002, 'Мария', 'Иванова', 'seller'),
(100000003, 'Алексей', 'Сидоров', 'worker'),
(100000004, 'Елена', 'Кузнецова', 'seller'),
(100000005, 'Дмитрий', 'Смирнов', 'worker'),
(100000006, 'Ольга', 'Попова', 'seller'),
(100000007, 'Андрей', 'Васильев', 'worker'),
(100000008, 'Наталья', 'Петрова', 'seller'),
(100000009, 'Сергей', 'Соколов', 'worker'),
(100000010, 'Анна', 'Михайлова', 'seller'),
(100000011, 'Александр', 'Новиков', 'worker'),
(100000012, 'Татьяна', 'Федорова', 'seller'),
(100000013, 'Павел', 'Морозов', 'worker'),
(100000014, 'Екатерина', 'Волкова', 'seller'),
(100000015, 'Максим', 'Алексеев', 'worker'),
(100000016, 'Ирина', 'Лебедева', 'seller'),
(100000017, 'Артем', 'Семенов', 'worker'),
(100000018, 'Юлия', 'Егорова', 'seller'),
(100000019, 'Николай', 'Павлов', 'worker'),
(100000020, 'Светлана', 'Козлова', 'seller');

-- 4. Заполнение MarketUserMapper (20 связей)
INSERT INTO "MarketUserMapper" (user_id, market_id) VALUES
(100000001, 1), (100000002, 2), (100000003, 3), (100000004, 4), (100000005, 5),
(100000006, 6), (100000007, 7), (100000008, 8), (100000009, 9), (100000010, 10),
(100000011, 11), (100000012, 12), (100000013, 13), (100000014, 14), (100000015, 15),
(100000001, 2), (100000002, 3), (100000003, 4), (100000004, 5), (100000005, 6);

-- 5. Заполнение Detail (20 деталей)
INSERT INTO "Detail" (vin, name, amount, market_id) VALUES
('XTA210990Y2765432', 'Тормозные колодки', 15, 1),
('Z94CB41AAGR323020', 'Масляный фильтр', 40, 2),
('VF3LC5HZ6ES456789', 'Аккумулятор', 5, 3),
('XW8BF2FKXDR775432', 'Воздушный фильтр', 25, 4),
('Y6DTF34GXHB112233', 'Свечи зажигания', 60, 5),
('KL4TH78FQZM998877', 'Тормозные диски', 8, 6),
('MN5XJ23DKLP445566', 'Амортизаторы', 12, 7),
('PQ9RV12CHNS334455', 'Ремень ГРМ', 18, 8),
('ST3KW45FJGH667788', 'ШРУС', 7, 9),
('UV7LM89DPQW112233', 'Стартер', 4, 10),
('WX2BN34FRTG554433', 'Генератор', 6, 11),
('YZ8CV67GHJK776655', 'Топливный насос', 9, 12),
('AB5DF23HJKL998877', 'Катушка зажигания', 14, 13),
('CD7GH89KLNM112233', 'Лямбда-зонд', 11, 14),
('EF2JK34LMOP445566', 'Датчик коленвала', 13, 15),
('GH9LM56NOPQ778899', 'Датчик распредвала', 10, 16),
('IJ3NO78PQRS001122', 'Термостат', 16, 17),
('KL5PQ90RSTU223344', 'Помпа водяная', 8, 18),
('MN7RS12TUVW556677', 'Радиатор охлаждения', 5, 19),
('OP9TU34VWXY889900', 'Компрессор кондиционера', 3, 20);

-- 6. Заполнение Purchase (20 закупок)
INSERT INTO "Purchase" (detail_id, name, price, amount, who_added, market_id) VALUES
(1, 'Тормозные колодки', 2500, 10, 100000001, 1),
(2, 'Масляный фильтр', 800, 30, 100000002, 2),
(3, 'Аккумулятор', 5000, 5, 100000003, 3),
(4, 'Воздушный фильтр', 600, 20, 100000004, 4),
(5, 'Свечи зажигания', 350, 50, 100000005, 5),
(6, 'Тормозные диски', 4200, 8, 100000006, 6),
(7, 'Амортизаторы', 2800, 10, 100000007, 7),
(8, 'Ремень ГРМ', 1200, 15, 100000008, 8),
(9, 'ШРУС', 3400, 5, 100000009, 9),
(10, 'Стартер', 5800, 3, 100000010, 10),
(11, 'Генератор', 6200, 4, 100000011, 11),
(12, 'Топливный насос', 3800, 7, 100000012, 12),
(13, 'Катушка зажигания', 950, 12, 100000013, 13),
(14, 'Лямбда-зонд', 2100, 9, 100000014, 14),
(15, 'Датчик коленвала', 1700, 11, 100000015, 15),
(16, 'Датчик распредвала', 1900, 8, 100000016, 16),
(17, 'Термостат', 850, 14, 100000017, 17),
(18, 'Помпа водяная', 3200, 6, 100000018, 18),
(19, 'Радиатор охлаждения', 4800, 4, 100000019, 19),
(20, 'Компрессор кондиционера', 7500, 2, 100000020, 20);

-- 7. Заполнение Sell (20 продаж)
INSERT INTO "Sell" (detail_id, price, amount, seller, who_added, market_id) VALUES
(1, 3500, 2, 'Авито', 100000001, 1),
(2, 1200, 5, 'Сайт', 100000002, 2),
(3, 6500, 1, 'Авито', 100000003, 3),
(4, 850, 3, 'Сайт', 100000004, 4),
(5, 500, 8, 'Авито', 100000005, 5),
(6, 5200, 2, 'Сайт', 100000006, 6),
(7, 3500, 3, 'Авито', 100000007, 7),
(8, 1600, 4, 'Сайт', 100000008, 8),
(9, 4200, 1, 'Авито', 100000009, 9),
(10, 7200, 1, 'Сайт', 100000010, 10),
(11, 7800, 1, 'Авито', 100000011, 11),
(12, 4800, 2, 'Сайт', 100000012, 12),
(13, 1200, 3, 'Авито', 100000013, 13),
(14, 2700, 2, 'Сайт', 100000014, 14),
(15, 2200, 3, 'Авито', 100000015, 15),
(16, 2400, 2, 'Сайт', 100000016, 16),
(17, 1100, 4, 'Авито', 100000017, 17),
(18, 3900, 1, 'Сайт', 100000018, 18),
(19, 5800, 1, 'Авито', 100000019, 19),
(20, 8900, 1, 'Сайт', 100000020, 20);

-- 8. Заполнение Return (20 возвратов)
INSERT INTO "Return" (detail_id, amount, sell_date, return_date, to_seller, price, comment, is_end, who_added, market_id) VALUES
(1, 1, '2023-05-10', CURRENT_DATE, 'Авито', 3500, 'Брак упаковки', false, 100000001, 1),
(2, 1, '2023-05-11', CURRENT_DATE, 'Сайт', 1200, 'Не подошел', false, 100000002, 2),
(3, 1, '2023-05-12', CURRENT_DATE, 'Авито', 6500, 'Поврежден при доставке', true, 100000003, 3),
(4, 1, '2023-05-13', CURRENT_DATE, 'Сайт', 850, 'Не соответствует описанию', false, 100000004, 4),
(5, 2, '2023-05-14', CURRENT_DATE, 'Авито', 1000, 'Клиент передумал', true, 100000005, 5),
(6, 1, '2023-05-15', CURRENT_DATE, 'Сайт', 5200, 'Неисправен', false, 100000006, 6),
(7, 1, '2023-05-16', CURRENT_DATE, 'Авито', 3500, 'Ошибочный заказ', true, 100000007, 7),
(8, 1, '2023-05-17', CURRENT_DATE, 'Сайт', 1600, 'Не подошел по размеру', false, 100000008, 8),
(9, 1, '2023-05-18', CURRENT_DATE, 'Авито', 4200, 'Бракованный', true, 100000009, 9),
(10, 1, '2023-05-19', CURRENT_DATE, 'Сайт', 7200, 'Не тот цвет', false, 100000010, 10),
(11, 1, '2023-05-20', CURRENT_DATE, 'Авито', 7800, 'Повреждена упаковка', true, 100000011, 11),
(12, 1, '2023-05-21', CURRENT_DATE, 'Сайт', 4800, 'Не подошло по параметрам', false, 100000012, 12),
(13, 1, '2023-05-22', CURRENT_DATE, 'Авито', 1200, 'Клиент отказался', true, 100000013, 13),
(14, 1, '2023-05-23', CURRENT_DATE, 'Сайт', 2700, 'Не соответствует фото', false, 100000014, 14),
(15, 1, '2023-05-24', CURRENT_DATE, 'Авито', 2200, 'Просроченный товар', true, 100000015, 15),
(16, 1, '2023-05-25', CURRENT_DATE, 'Сайт', 2400, 'Не работает', false, 100000016, 16),
(17, 1, '2023-05-26', CURRENT_DATE, 'Авито', 1100, 'Не тот товар', true, 100000017, 17),
(18, 1, '2023-05-27', CURRENT_DATE, 'Сайт', 3900, 'Поврежден при транспортировке', false, 100000018, 18),
(19, 1, '2023-05-28', CURRENT_DATE, 'Авито', 5800, 'Не подошел по характеристикам', true, 100000019, 19),
(20, 1, '2023-05-29', CURRENT_DATE, 'Сайт', 8900, 'Клиент передумал', false, 100000020, 20);

-- 9. Заполнение AirReturn (20 возвратов Avito)
INSERT INTO "AirReturn" (vin, amount, sell_date, return_date, to_seller, price, another_shop, comment, is_end, who_added, market_id) VALUES
('XTA210990Y2765432', 1, '2023-05-01', CURRENT_DATE, 'Авито', 3500, 'Филиал 2', 'Клиент передумал', false, 100000001, 1),
('Z94CB41AAGR323020', 1, '2023-05-02', CURRENT_DATE, 'Авито', 1200, 'Филиал 3', 'Не подошел', false, 100000002, 2),
('VF3LC5HZ6ES456789', 1, '2023-05-03', CURRENT_DATE, 'Авито', 6500, 'Филиал 1', 'Поврежден при доставке', true, 100000003, 3),
('XW8BF2FKXDR775432', 1, '2023-05-04', CURRENT_DATE, 'Авито', 850, 'Филиал 2', 'Не соответствует описанию', false, 100000004, 4),
('Y6DTF34GXHB112233', 1, '2023-05-05', CURRENT_DATE, 'Авито', 500, 'Филиал 3', 'Клиент передумал', true, 100000005, 5),
('KL4TH78FQZM998877', 1, '2023-05-06', CURRENT_DATE, 'Авито', 5200, 'Филиал 1', 'Неисправен', false, 100000006, 6),
('MN5XJ23DKLP445566', 1, '2023-05-07', CURRENT_DATE, 'Авито', 3500, 'Филиал 2', 'Ошибочный заказ', true, 100000007, 7),
('PQ9RV12CHNS334455', 1, '2023-05-08', CURRENT_DATE, 'Авито', 1600, 'Филиал 3', 'Не подошел по размеру', false, 100000008, 8),
('ST3KW45FJGH667788', 1, '2023-05-09', CURRENT_DATE, 'Авито', 4200, 'Филиал 1', 'Бракованный', true, 100000009, 9),
('UV7LM89DPQW112233', 1, '2023-05-10', CURRENT_DATE, 'Авито', 7200, 'Филиал 2', 'Не тот цвет', false, 100000010, 10),
('WX2BN34FRTG554433', 1, '2023-05-11', CURRENT_DATE, 'Авито', 7800, 'Филиал 3', 'Повреждена упаковка', true, 100000011, 11),
('YZ8CV67GHJK776655', 1, '2023-05-12', CURRENT_DATE, 'Авито', 4800, 'Филиал 1', 'Не подошло по параметрам', false, 100000012, 12),
('AB5DF23HJKL998877', 1, '2023-05-13', CURRENT_DATE, 'Авито', 1200, 'Филиал 2', 'Клиент отказался', true, 100000013, 13),
('CD7GH89KLNM112233', 1, '2023-05-14', CURRENT_DATE, 'Авито', 2700, 'Филиал 3', 'Не соответствует фото', false, 100000014, 14),
('EF2JK34LMOP445566', 1, '2023-05-15', CURRENT_DATE, 'Авито', 2200, 'Филиал 1', 'Просроченный товар', true, 100000015, 15),
('GH9LM56NOPQ778899', 1, '2023-05-16', CURRENT_DATE, 'Авито', 2400, 'Филиал 2', 'Не работает', false, 100000016, 16),
('IJ3NO78PQRS001122', 1, '2023-05-17', CURRENT_DATE, 'Авито', 1100, 'Филиал 3', 'Не тот товар', true, 100000017, 17),
('KL5PQ90RSTU223344', 1, '2023-05-18', CURRENT_DATE, 'Авито', 3900, 'Филиал 1', 'Поврежден при транспортировке', false, 100000018, 18),
('MN7RS12TUVW556677', 1, '2023-05-19', CURRENT_DATE, 'Авито', 5800, 'Филиал 2', 'Не подошел по характеристикам', true, 100000019, 19),
('OP9TU34VWXY889900', 1, '2023-05-20', CURRENT_DATE, 'Авито', 8900, 'Филиал 3', 'Клиент передумал', false, 100000020, 20);